year,sex,age,life_expectancy
1986,Men,0,72.87
1987,Men,0,72.75
1988,Men,0,73.05
1989,Men,0,73.34
1990,Men,0,73.44
1991,Men,0,74.01
1992,Men,0,74.16
1993,Men,0,74.24
1994,Men,0,74.88
1995,Men,0,74.8
1996,Men,0,75.37
1997,Men,0,75.45
1998,Men,0,75.54
1999,Men,0,75.62
2000,Men,0,75.96
2001,Men,0,76.21
2002,Men,0,76.47
2003,Men,0,77.04
2004,Men,0,77.5
2005,Men,0,77.72
2006,Men,0,78.12
2007,Men,0,78.24
2008,Men,0,78.31
2009,Men,0,78.6
2010,Men,0,78.85
2011,Men,0,79.0
2012,Men,0,79.42
2013,Men,0,79.65
2014,Men,0,80.03
2015,Men,0,80.36
2016,Men,0,80.61
2017,Men,0,80.91
2018,Men,0,81.0
2019,Men,0,81.19
2020,Men,0,81.48
2021,Men,0,81.59
2022,Men,0,80.92
2023,Men,0,81.39
2024,Men,0,81.59
2025,Men,0,81.61
1986,Men,65,14.49
1987,Men,65,14.4
1988,Men,65,14.59
1989,Men,65,14.66
1990,Men,65,14.59
1991,Men,65,14.87
1992,Men,65,15.0
1993,Men,65,14.78
1994,Men,65,15.23
1995,Men,65,15.13
1996,Men,65,15.49
1997,Men,65,15.53
1998,Men,65,15.74
1999,Men,65,15.68
2000,Men,65,16.09
2001,Men,65,16.19
2002,Men,65,16.29
2003,Men,65,16.7
2004,Men,65,17.05
2005,Men,65,17.14
2006,Men,65,17.53
2007,Men,65,17.36
2008,Men,65,17.51
2009,Men,65,17.84
2010,Men,65,17.9
2011,Men,65,18.04
2012,Men,65,18.23
2013,Men,65,18.39
2014,Men,65,18.67
2015,Men,65,18.8
2016,Men,65,19.05
2017,Men,65,19.19
2018,Men,65,19.32
2019,Men,65,19.53
2020,Men,65,19.67
2021,Men,65,19.69
2022,Men,65,19.17
2023,Men,65,19.69
2024,Men,65,19.79
2025,Men,65,19.73
1986,Women,0,79.74
1987,Women,0,79.55
1988,Women,0,79.57
1989,Women,0,79.85
1990,Women,0,79.81
1991,Women,0,80.09
1992,Women,0,80.34
1993,Women,0,80.25
1994,Women,0,80.64
1995,Women,0,80.82
1996,Women,0,81.07
1997,Women,0,80.97
1998,Women,0,81.28
1999,Women,0,81.13
2000,Women,0,81.38
2001,Women,0,81.53
2002,Women,0,81.58
2003,Women,0,81.93
2004,Women,0,82.33
2005,Women,0,82.52
2006,Women,0,82.66
2007,Women,0,82.66
2008,Women,0,82.95
2009,Women,0,83.05
2010,Women,0,83.15
2011,Women,0,83.45
2012,Women,0,83.41
2013,Women,0,83.61
2014,Women,0,84.1
2015,Women,0,84.15
2016,Women,0,84.17
2017,Women,0,84.28
2018,Women,0,84.49
2019,Women,0,84.68
2020,Women,0,84.89
2021,Women,0,84.73
2022,Women,0,84.35
2023,Women,0,84.63
2024,Women,0,84.8
2025,Women,0,84.85
1986,Women,65,18.72
1987,Women,65,18.53
1988,Women,65,18.56
1989,Women,65,18.73
1990,Women,65,18.57
1991,Women,65,18.83
1992,Women,65,19.0
1993,Women,65,18.76
1994,Women,65,19.23
1995,Women,65,19.14
1996,Women,65,19.45
1997,Women,65,19.39
1998,Women,65,19.62
1999,Women,65,19.49
2000,Women,65,19.73
2001,Women,65,19.81
2002,Women,65,19.96
2003,Women,65,20.11
2004,Women,65,20.47
2005,Women,65,20.64
2006,Women,65,20.63
2007,Women,65,20.61
2008,Women,65,20.77
2009,Women,65,20.89
2010,Women,65,20.98
2011,Women,65,21.2
2012,Women,65,20.96
2013,Women,65,21.24
2014,Women,65,21.54
2015,Women,65,21.54
2016,Women,65,21.58
2017,Women,65,21.58
2018,Women,65,21.75
2019,Women,65,21.89
2020,Women,65,22.06
2021,Women,65,21.87
2022,Women,65,21.54
2023,Women,65,21.9
2024,Women,65,21.94
2025,Women,65,21.91
