year,age,gap_women_minus_men
1986,0,6.86999999999999
1986,65,4.229999999999999
1987,0,6.799999999999997
1987,65,4.130000000000001
1988,0,6.519999999999996
1988,65,3.969999999999999
1989,0,6.509999999999991
1989,65,4.07
1990,0,6.3700000000000045
1990,65,3.9800000000000004
1991,0,6.079999999999998
1991,65,3.959999999999999
1992,0,6.180000000000007
1992,65,4.0
1993,0,6.010000000000005
1993,65,3.980000000000002
1994,0,5.760000000000005
1994,65,4.0
1995,0,6.019999999999996
1995,65,4.01
1996,0,5.699999999999989
1996,65,3.959999999999999
1997,0,5.519999999999996
1997,65,3.860000000000001
1998,0,5.739999999999995
1998,65,3.880000000000001
1999,0,5.509999999999991
1999,65,3.8099999999999987
2000,0,5.420000000000002
2000,65,3.6400000000000006
2001,0,5.320000000000007
2001,65,3.6199999999999974
2002,0,5.109999999999999
2002,65,3.6700000000000017
2003,0,4.890000000000001
2003,65,3.41
2004,0,4.829999999999998
2004,65,3.419999999999998
2005,0,4.799999999999997
2005,65,3.5
2006,0,4.539999999999992
2006,65,3.099999999999998
2007,0,4.420000000000002
2007,65,3.25
2008,0,4.640000000000001
2008,65,3.259999999999998
2009,0,4.450000000000003
2009,65,3.0500000000000007
2010,0,4.300000000000011
2010,65,3.080000000000002
2011,0,4.450000000000003
2011,65,3.16
2012,0,3.989999999999995
2012,65,2.7300000000000004
2013,0,3.9599999999999937
2013,65,2.849999999999998
2014,0,4.069999999999993
2014,65,2.8699999999999974
2015,0,3.7900000000000063
2015,65,2.7399999999999984
2016,0,3.5600000000000023
2016,65,2.5299999999999976
2017,0,3.3700000000000045
2017,65,2.389999999999997
2018,0,3.489999999999995
2018,65,2.4299999999999997
2019,0,3.490000000000009
2019,65,2.3599999999999994
2020,0,3.4099999999999966
2020,65,2.389999999999997
2021,0,3.1400000000000006
2021,65,2.1799999999999997
2022,0,3.4299999999999926
2022,65,2.3699999999999974
2023,0,3.239999999999995
2023,65,2.2099999999999973
2024,0,3.2099999999999937
2024,65,2.150000000000002
2025,0,3.239999999999995
2025,65,2.1799999999999997
