participant_id,age,study_arm,completed
SYN001,24,control,true
SYN002,31,control,true
SYN003,29,control,false
SYN004,42,control,true
SYN005,36,control,true
SYN006,27,control,true
SYN007,51,control,false
SYN008,33,control,true
SYN009,45,control,true
SYN010,38,control,true
SYN011,22,intervention,true
SYN012,30,intervention,true
SYN013,35,intervention,true
SYN014,28,intervention,false
SYN015,41,intervention,true
SYN016,26,intervention,true
SYN017,49,intervention,true
SYN018,37,intervention,true
SYN019,32,intervention,false
SYN020,44,intervention,true
